"id","name","photos"
"393","Color Smoke (2pc/box)","uploads/all/LhleWIMGjcCEwFeK2FCrfqgvc3d3jdGB13VvP9mQ.jpg"
"394","Golden Duck Fountain (Vanita Spl)","uploads/all/NxsBGysiRiwj3zMDPhKisLEvjIrcmOvQiM8SRwnm.webp"
"395","Golden Lion Fountain (Vanita Spl)","uploads/all/VYG0OXhI8LowyVPy2YmCjMZPiiNQTtGpKtytYBEO.webp"
"397","Rang Chakkar 10 shots (Vadivel)","uploads/all/SXQTkLN1b8QQLRiDB2v2CM5vyflUBpFulHMB50MT.webp"
"398","Helicopter (5pc/box)","uploads/all/Hpts2nwaWHOSRfVfQvTukz7ADmD5CGoV1CUiESfM.webp"
"399","Bambaram (5pc/box)","uploads/all/2NVmWZlMe10uOPWZoQr2FFo76a8LFX8nIND6Zn1W.webp"
"400","l 4x4 wheel (5pc/box)","uploads/all/PGKNx0HHnmxSuNbySZPOtFWwbm5UPeoaVkeRWqwM.webp"
"401","Disco wheel","uploads/all/kFuU0qttJHMfD14Mwp7UVOI36mNDqW4mpUjV0cPb.webp"
"402","Electric  Stone (10pc/box)","uploads/all/p3HdSj31Z9gbbvvhk8KGHjjGH1gcuVjcp0hLTaHw.webp"
"403","Magic Pop (10pc/box)","uploads/all/qPNKOqwBqIeXMHNk9RsWerXK5hB5wQanQFm1kUt1.webp"
"404","Jee Boom Bha (10pc/box)","uploads/all/mInLpVCcUJvWC7PdTFw9Bxq3oqQs62GcFgIpgcfZ.webp"
"406","Photo Flash (5pc/box)","uploads/all/3YdHXemotiInTbAJyxVgRiFAIHSAFAvEMy5sfhU3.webp"
"407","Dancing Butterfly  (10pc/box)","uploads/all/T4iC4QF2sed3kKQcWoTh09qQBl4NGydQFW46MtN0.webp"
"408","1 1/2 "" Twinkling Star (10pc/box)","uploads/all/rn7Hu7Tkrij9j6HwI7dLASexgFpUMtMUxo3YZKsy.webp"
"409","4"" Twinkling Star (10pc/box)","uploads/all/FYpkttVSY4C1Tc14YaQT9QYv7rdb9uksmu7kqkbi.webp"
"411","VIP Gold BIJILI","uploads/all/RTCgdQkObT43YDXv47CsFJrRXJGzZdQe207ivy0k.jpg"
"412","2"" inch Incredible Hulk (1pcs/box)","uploads/all/U2Plyb3sBUeFO0EyBoWOL9M51l7S5bYErAVH65VD.jpg"
"413","2"" inch Iron man (1pcs/box)","uploads/all/boUwYtLh8p9fw790a5pIUU9KPwb0qUUnOLO06SWl.jpg"
"414","2"" inch Thor (1pcs/box)","uploads/all/Y4NGFmLGBXxTJDQrHQuhgV6Hju56kvLRU29iRB08.jpg"
"415","2"" inch Panther (1pcs/box)","uploads/all/4MpmQ2xz2y1Rexs2qhI8842GmMzJI04lbWZZy7A7.jpg"
"416","2"" inch pipe","uploads/all/2M1meA3WItQoej9aGxqZikiWyYkfIDjAddTBjRxd.webp"
"417","28 chorsa (1pkt)","uploads/all/q0A14pkkgoQkPFKr2c83P77UaBuvwq29YjtGJOoX.jpg"
"418","56 chorsa (1pkt)",NULL
"420","28 gaint (1pkt)","uploads/all/p5LVnEn1CAM2OtNcq67nmwH7h3yEfbk1y1NId42Z.webp"
"421","56 gaint (1pkt)","uploads/all/6sQve6Oo6yfvmvfZFWplNArMsiVe8aQr1RViu3nl.webp"
"422","24 delux (1pkt)","uploads/all/dUDSFM38aP2GlSElNhHxLPHJ4MCsWFUXblVXZp72.webp"
"423","50 delux (1pkt)","uploads/all/VVNIsDNme1D331m4RdlyG1f5iZcYWgjppERJC5Mh.webp"
"424","4""inch Double Ball","uploads/all/B5Vu7Fza3nvmct0NrK00t9usQMjsvKF6qdmn9zt1.webp"
"425","Serpent Big","uploads/all/EJ5ph8kOKsNIa8j01y6s1hNJLQEEFalOThbsn922.webp"
"426","1000 Wala",NULL
"432","5000 Wala",NULL
"434","Rocket Bomb  (10pc/box)","uploads/all/y1t5S0HIx719qq1AkHNFxlXpO0h6yszqiKhrdAlJ.webp"
"435","Lunik Rocket  (10pc/box)","uploads/all/TjrnnhBkFBJSZNyqobJtowcI1kw9h34brlFhATAf.jpg"
"436","Whistling Rocket  (10pc/box)","uploads/all/R4DYe7PMEG9h0upTjnGVjJ4eX11PMx2IfmbGhaaI.jpg"
"437","2 3/4'' Kuruvi Crackers (1 Pkt)","uploads/all/qmsxOKDTDlBd2550BDcFLNKSkUDfN30x5YavWGvT.webp"
"438","3 1/2"" Medium Laxmi (1pkt)","uploads/all/qpISD7Fa5nX6S8beCOQnlA4HmlWf15hIXbhOMspB.webp"
"439","4'' Laxmi Crackers (1pkt)","uploads/all/4QicrKdMRzQ6IlkdVLGoYC5zHjsLiiiIWxCwVCvY.webp"
"440","5""Jallikattu crackers (1pkt)","uploads/all/SJwtRwlAcXyDg7G5dSZiy68RQ5zQlNPnsjeZ4HTQ.jpg"
"441","Mega Rider Echo","uploads/all/ae9DU276ckHETFAWKOQ2oa9ACziwH8djf2ALhS11.webp"
"442","4'' GOLD Laxmi Crackers (1pkt)","uploads/all/jBjRYVKz2r6YCMUkDrZTlIulYYdtvpedeyyeA6g4.webp"
"443","2 Sound Crackers (1pkt)","uploads/all/RYMS70cesYABrL59bY3SMRYN8kjsNEO6XElsDzm5.webp"
"444","water proof Hydro Bomb  Machine fuse (10pc/box)","uploads/all/EBuamZT0vHiygGDHHY70ftIRTxr3p6w0XFNIxILQ.webp"
"445","water proof King Of King  Bomb (10 Pcs) Machine fuse","uploads/all/tYCFTenE3oif59EJpOKkOAEDLxOM5UxDeicYHrd2.webp"
"446","Classic  Green Bomb  Machine fuse  (10pc/box)","uploads/all/OdmosCY2x6DE5MBwNDOkpWa48Apvr68jZZJ1SDK2.webp"
"447","Mega Digital Bomb sound  (10pc/box)","uploads/all/8vWi1jdbsyPOshxW1dq6HCF6paX5i4Og3F9MEmOW.webp"
"448","Adiyal Paper Bomb 1/4 kg (1pc/box)","uploads/all/Gk8a8EyWQQPDeRnV8rpnBZR2Vwo2QpwA8h20ZF0c.webp"
"449","Adiyal Paper Bomb 1/2 kg (1pc/box)","uploads/all/Ztgq9Nu8mQguQXnDQUysEks8fkg2j2XsQLraa4ZP.jpg"
"450","Adiyal Paper Bomb 1 kg (1pc/box)","uploads/all/LZzIZeqg8AFxfhGWK0YfMlfa90LQchzYvSjV4rUR.webp"
"451","Red  Crackling Mines Shot","uploads/all/snTnGQnrrLM5zK6PtnVGeVgi0L8tzxWN6mzhrNRx.webp"
"453","Penta Sky Shot","uploads/all/P3GiR7VKo1bPrmvwXvnHLNqW0X7ddBzOK3IZXLgI.jpg"
"454","Techno Flute  (2pc/box)","uploads/all/9w7Wz5KJ9ys8m4fIm2bNeT3yErvRcAmt0H2vzVFQ.webp"
"455","selfie Stick (3pc/box)","uploads/all/vupoDbe2ya8QiSWwuiq4nLeUuGl58v8Kp67l4YJ8.webp"
"456","Supreme Silver Line","uploads/all/ZLz2kN6CtAZRTh2hiafpuRSwMST0dIuq2RTCnIG2.webp"
"457","Supereme Olympic Torch","uploads/all/wWmEEaE1aDi8HD481ctVFpWXmPSe7IOWOZ7zePGo.webp"
"458","Sivakasi Special","uploads/all/m368erWFnKmjjkfvFkF5Ejtc0NkJxBmk5WRgcdVm.jpg"
"462","Whistling Wheel  (5pc/box)","uploads/all/kkgx3uvg6BrYRU14gQoUOAc1K6XwNCouTA5EJz19.webp"
"463","Whistling Rocket  (10pc/box)","uploads/all/R4DYe7PMEG9h0upTjnGVjJ4eX11PMx2IfmbGhaaI.jpg"
"464","25 Whistling sky Shot (vadivel)","uploads/all/4zWN1XhPyYY24gpsOiNE68jRWzuVk5iI5TZaftAW.webp"
"465","Mini Siren (5pc/box)","uploads/all/pTJAB0jeLCRoAMPgHkW32SfuOWAtySfOUyRlTgZw.webp"
"466","Mega Siren (2pc/box)","uploads/all/rmVBrvc1pOIhuxaMZAj7o6lCgI6Mw8mZj0CCVpt2.webp"
"467","Super Stick (Vanita Spl)","uploads/all/6ASTnh5pMw161DGpARAxYestDcHnB6RkzsaKU09b.webp"
"468","30 Shots Multicolor","uploads/all/Pi3bEk0lQXB2hytUOwVCs95gdnhVnbqYWxLo2Xls.webp"
"469","30 Shots Multicolor Crackling (Narayana Brand)","uploads/all/BTy2KIfbV5ONJG2go4zXTfKpBCPlgIIdu3Sys8iR.webp"
"470","60 Shot Multicolor","uploads/all/7cVuJw9URDnNrFrdvd6aAkg94tafEF4NmtKtZa0v.webp"
"471","120 sky Shots Multicolor","uploads/all/XAk2CII2JNtahdgIbV5r7fMsy1s21jDzh7kkLHw8.jpg"
"472","240 Shots Multicolor","uploads/all/6RDcEnY4olwjs5onuURq2W7EEJTn1VH0Alf8cdJv.jpg"
"473","12 Shots crackling","uploads/all/N4ONzkLZD5MK3y9Ryrr5o2BRpf4paVJFSbJytzQP.webp"
"474","25 colour Raider Sky Shot","uploads/all/jttTQuy4qiooEKpbXmYo3cBzMU3XWn3fNBJYE7HP.jpg"
"475","Vanitha IPL  Lazer Shot (5x5)","uploads/all/SBHi72GcmwXgkECPa5WeGElN7q46UU4DNVDXRBxI.jpg"
"476","Vanitha IPL Lazer Shot (3x5)","uploads/all/ZSfB0ttGo9ohE1O2rVw3kFuy3vgOecgHe1fYeAPz.jpg"
"479","Ground Chakkar Big (10Pcs/box)","uploads/all/qGdbzh4yZowzPdYm8lt2Bb25tzrSbThFu5YC2BZR.webp"
"480","Ground Chakkar Big (25Pcs/box)","uploads/all/VYLVjIyARkPa0rV3XDpX73WrWjnVr73wKJb4QisQ.webp"
"481","Ground Chakkar Special (10Pcs/box)","uploads/all/2AuMkjUgmc1RqM8j7Z4irmqscljYjNSLWQjnEt88.webp"
"482","Ground Chakkar Deluxe  (10Pcs/box)","uploads/all/yueyDpIuk7ccNxU0iTBk3eKlBLGEVduSZpVwHcUH.webp"
"484","Flower pot Big glitter (10Pcs/box)","uploads/all/7LIQP2ICzTS9r3DUFsbO5hWoIqnRXyZm2SUShp5t.webp"
"485","Flower pot Special glitter (10Pcs/box)","uploads/all/RFp8Xkv2Dh0hJ7KFHrL8EJKDbeaSeUE3iCYHHmuH.webp"
"486","Flower pot Ashoka (10Pcs/box)","uploads/all/VqvKCmX9v1ONIEBQpjBgsbRL6NxYz14jVW5zFAqk.webp"
"487","Flower pot Color kotti (10Pcs/box)","uploads/all/T8WuXkvKg3BJjyBv3dKuzgnco4qOX62gsv1i58oh.webp"
"488","Flower Pot Mega Delux (5Pcs/box)","uploads/all/Xd9Lz8Ta0ZTuC04p9nnHZkdkHhMiBNDtnyyWPZqw.webp"
"489","Water Queen hand touch (1pc/box)","uploads/all/AeBJA4oTnqZZinihZkKjkDYpIuCOHbcWySzwyQ6M.webp"
"492","5 pcs multi-color fountain (5pcs/box)","uploads/all/0eTq11R25lyfVSlyt23rUf4y85p7c6Do7vHSLZ2a.webp"
"493","Peacock 5 feathers (5pcs/box)","uploads/all/5zPuzSiW3TNR2HNIxJpAfxD6jVIcYMvVcw6dpC75.webp"
"494","BIG Tin beer fountain","uploads/all/nIfIjUV5GOdGIg2KCKWIqNeCUhpaZEXvd9xOw1pJ.jpg"
"500","4""inch GO Fish fountain (5pcs/box)","uploads/all/yUPJLtJBzVF0u3z1f2cA2QrLbW1lGkCQ31mQiWzD.webp"
"501","4""inch Twin Angel (5pcs/box)","uploads/all/dXfXK8Roe2fGWkC32geke5HjVeXpok7r0o73sC2P.webp"
"502","4""inch Blue Dream (5pcs/box)","uploads/all/5gy7KfXmjky9dtjP09de7m1kG5L5proIcDz3THym.webp"
"503","Chota Bheem Green (1pcs/box)","uploads/all/XmnZUZ4z1V5Os3FVYZzzqZvKH9vxhEU9jJxETLuN.webp"
"504","Chota Bheem Red (1pc/box)","uploads/all/r7ogYXaDmxoj9s5fDccrwt9VWGAxr1Ycrnmt3Tn7.webp"
"505","Chota BheemSilver (1pc/box)","uploads/all/jjFsUAE3TQDHAq3hCyYFY2gUjFBBFGgCZmwIK8ea.webp"
"506","Chota Bheem Gold (1pc/box)","uploads/all/J8ysjG9ZULVyzH3H84XCZ9qh1O1r1ymbj3LoqNQu.webp"
"507","Chota Bheem Red & Green (1pc/box)","uploads/all/uOwRuwZFgCde67n8Mu0sM2TSSeHPyuREj2MW5PRF.jpg"
"508","Kids cartoon falls (5pcs/box)","uploads/all/TTHNEsyp2Dtgh7P8xP3wv2YfJMNXqMMqurgoCU5A.webp"
"509","Fazer (1pc/box)","uploads/all/BaNu20b91js5NeQg7YuFfjXpvpKorf02CibXxle2.webp"
"510","Ducati titanium full crackling (3pcs/box)","uploads/all/Z3ZnrakDSKPXlRfTSGVTx2WI2vFHrBf0aZ01EX3A.webp"
"511","Peacock Dance","uploads/all/JzQYGgajka0DXTbJ0RcoqQzktSnhGkn68Vmq0MVD.webp"
"513","Tri Colour Red & green & crackling 5pcs","uploads/all/H4YvUW852B6Fu9hHqIWHct8NYynfoqZYiCVEIu6q.webp"
"520","3"" inch Vespa Crackling (1pc/box)","uploads/all/IBn9V2Pfdqwmqn5Ru5IWZt0RorQcaGz2OVj6hr9h.webp"
"521","3""inch Cool wave crackling  (1pc/box)","uploads/all/ZvqgPp0YfHMtuecWe1eoM9A1DVktZt72XxWVhon4.webp"
"522","3""inch Mix+Crackling  (1pc/box)","uploads/all/xeOGFsVO5xmWu04gaXeaM6TY2V4zL5TBvwWKnzii.webp"
"523","3"" inch Jazz buzz  (1pc/box)","uploads/all/Ay8w9O8l1wNwftrOIn1zSis7zdGlOexYNImoZEf2.webp"
"524","3"" inch Twitter  (1pc/box)","uploads/all/y6eMK2x8cyXYuVp0UwoGyAoYCyyg3WnPZ3MJ5YLF.webp"
"525","3"" inch American Style  (1pc/box)","uploads/all/3mUFhFqgkiEi5h33oerKpNNBTUyaJ72oKwJqKmW8.webp"
"526","3""inch Fany touch crackling  (1pc/box)","uploads/all/gToJnd062JFJoSN9J6hVVsIhGCayjF8JnQGKG4Qm.webp"
"527","3½ inch Amazing golden  (1pc/box)","uploads/all/GU9CkFro45p3P1dtvzlpQsEABjPgiuQkEfuDQiTf.webp"
"528","3½ inch Red Boom  (1pc/box)","uploads/all/MaSpjwXkxSDUwgijaYPk4w7DP9JSrFqe21Z6IIdO.webp"
"529","3½ inch Spyro Green  (1pc/box)","uploads/all/bHp0WvyLc9hg58g4TwTI2xyMSZTVgeeFeKPqJzsp.webp"
"530","4"" inch  Ranger war  (1pc/box)","uploads/all/2woDtGSL9CK3fqtrhXZQxLp8TUYEWcvSAi39LvU9.webp"
"531","4"" inch Naigara (Gold) (1pc/box)","uploads/all/jeGAkTOHs831k1sm8WKWaZRko0V8q1c9L8DI1IP8.webp"
"532","4"" inch Night Panter star  (1pc/box)","uploads/all/YPnWSbJf5klU21ccSF4gSJPXFRwVP6YHzSm5wy2g.webp"
"533","4"" inch Knight war  (1pc/box)","uploads/all/h2vTNbr8HhrpixmPStciLb0nvSqY9lPxm67PEkjm.webp"
"534","Mustang - seven shots - Hot Selling   (2pc/box)","uploads/all/5cq8Km7Voe63jqVwkJPTifRl4KDverxCMUjwdGDy.webp"
"535","Jewel Theif- Hot Selling Anil  (2pc/box)","uploads/all/Fid0XC6Q3VVi7ZWlNNjy39fgD6LA2j8CcVpMk5qh.webp"
"536","Purple Rain (Vanita Spl)  (1pc/box)","uploads/all/GlZATepZuzm5nt4qclHxBn93hvEwLpBcUoLCtZAW.webp"
"537","Only and only (Vanita Spl)  (1pc/box)","uploads/all/XqygYM332SD3z4ZggQk8uIzwXhfJQGCpZDYxtRQP.webp"
"538","Purple Mania (3pc/box)","uploads/all/CHoSZUB2KmcFSXBMbn8GX95gKioAc7Ezly15yzbS.webp"
"539","Rock Star (3pc/box)","uploads/all/RFN93qRzD7FzlwznBklQZ4bq3WyLSwnGIyjEWxdc.webp"
"540","Goden Willow (3pc/box)","uploads/all/gxrWcB5szRgMWzYiKerzjpKGFpA7FQteuzqLKryM.webp"
"541","Game ON (3pc/box)","uploads/all/PqOUm3ZUsjCJWp4jNrr3Ajls9YcULiGmPrgQfHrJ.webp"
"543","4"" Niagara Falls (white)","uploads/all/k49U7pDE8SaaTwNK0wo9dsPLoSe93w1Xl0UGn1Ja.webp"
"582","Mothers Popcorn crackling fountain ( 3pcs/box )","uploads/all/zRegqeZDVBGILrGOJxJH93PszU202JxlObczQRi9.webp"
"583","Mother's Bada Peacock","uploads/all/Xc28xY3F8i7F3gvdq62zaFSH6sFxfTgTgsrPJ2qD.webp"
"587","4""inch Pipe Double Ball (Mother's brand)","uploads/all/B5Vu7Fza3nvmct0NrK00t9usQMjsvKF6qdmn9zt1.webp"
"588","4""inch Pipe  7 Ball (Mother's brand)","uploads/all/6TSYwwN12ix9f7yXdu4Vozb08l2ObbQi1CpZi1qJ.webp"
"589","Juggle Money","uploads/all/LEImQklBWC3pgBSgEnQ70dt25uH1kNtzDmFnKC7W.webp"
"590","Moon LIght ( 5pcs/box )","uploads/all/kywj6ZziyLK50rBi5rhcJPajI3QF3HmMWdgpV8ip.jpg"
"591","Top Gun (crackling)","uploads/all/DXulMSMxox2AT7ArJuPXOyv5OrxrVppo4hXOkmyd.webp"
"592","Color Money Bank (1pcs/box)","uploads/all/iLFppt50oVgLjWOJ6Ezz1ozya4uFxJVV3jpTdwF9.webp"
"593","Smoke Stick ( 10pcs/box )","uploads/all/9oR341AMupy66nB77X5DcnbV6YOG9Gf5MHdQ6r9H.webp"
"596","60 Shot Multicolor Crackling   (Narayana Brand)","uploads/all/fxj8Ew9f7B2PCrrYP0b5czTMPcdqKS21asKYtsyJ.webp"
"597","120 Shot Multicolor Crackling  (Narayana Brand)","uploads/all/VVXbZ6G9vLK4Of2Q9BVH1tjulSkubg63CFqa50xy.webp"
"598","12 Shot Raider","uploads/all/jPrW4QJuh53X2JtbSWOu26fJXXOR4swGLuJ6urid.webp"
"599","12 shot Popcorn Crackling","uploads/all/7cSu0mqiy7UTk7bX4gMmtP3zsNXZqZJkUuRywihc.webp"
"601","7cm electric sparklers","uploads/all/O8YcMji2yhRRBOImb3xCqzI4omOSz1VLlJkuNHeW.webp"
"602","7cm crackling sparklers","uploads/all/WF7lKlxvGOvHkpAER8tU36zUuAXanj6PLMKUbFiM.webp"
"603","7cm green sparklers","uploads/all/g4WxOYBsSKny7gTZBUOG6JKvkHQZjaCJ5Og7OkC9.webp"
"604","7cm red sparklers","uploads/all/sfbCxhlwOtasGN0BnFbxERWxnFEh1qw1VsqolXP5.webp"
"605","10cm electric sparklers","uploads/all/ODnH9jnqcq7tRXY1tS48L455gXZi60hnHc0sFKAZ.webp"
"606","10cm crackling sparklers","uploads/all/WMLNsl2bJTE97zIAVvXCUxKhlO8lhdFCHYuM8cqc.webp"
"607","10cm green sparklers","uploads/all/d4fpn8oPYRGwDtw28tfbfLLTwyI8XMDKJ2sLaBSP.webp"
"608","10cm red sparklers","uploads/all/wRgis9wvqKHy545YD3auR3EVdQ0V58GRQ9XdzBUZ.webp"
"609","12cm electric sparklers","uploads/all/cp9xNxNkfjgXJFOPH4tNZTlxwzYojL6rUYfxLUCL.webp"
"610","12cm colour sparklers","uploads/all/aTsnjVWDlZhaEzddHN4AkP0tdRiJdDWCM0IKKc7Q.webp"
"611","12 cm green sparklers","uploads/all/bbCNCuQ2Moi4Edkb4R6OoYGqbxAZr3uD39Zzfmm1.webp"
"612","12cm red sparklers","uploads/all/GY6puF71oJSPRgsfRTqccwPnl16qPCdkmY1Tp4wH.webp"
"613","15cm electric sparklers","uploads/all/NpQLXwczxXMNkvaHHjH0zy9uC9lmtSeE9c5Bmxcx.webp"
"614","15cm colour sparklers","uploads/all/j4iRZaEQ1RSzrER4TY6ei7TnNBeAFktQZHB5LzN7.webp"
"615","15 cm red sparklers","uploads/all/RU02dhr8ED0BDHNsXHdNBLkkc6LKkcT8NRINpQ40.webp"
"616","15cm green sparklers","uploads/all/tmBrLQe6JqdzT5JHn4HqHW2JGEN7UoNMq4fHqJYC.webp"
"617","30 cm electric sparklers","uploads/all/iscvrM68KjEWB5B8MM0b47HKAWrqlSTtdYD8HNCg.webp"
"618","30cm colour sparklers","uploads/all/6Wzf58h6R08jSQ7qujnvedHxHiZvuu2JtFw1KMIh.webp"
"619","30cm green sparklers","uploads/all/IvnBuPtMpkCGMq5CtSs2SpSQRr6W9mfv25z3tEA7.webp"
"620","30cm red sparklers","uploads/all/59E9tAy3s8NuM1OPhX8Almv9AfpFHVhwPSvDnFtQ.webp"
"621","50cm electric sparklers","uploads/all/rcqJyHKBxbzyZxJSuTBFlEpJjGYsNeIq7a9zOAOW.webp"
"622","50cm crackling sparklers","uploads/all/OF5YYdsR2VmOmYH9ujEKad9Wa4E5LGMjyKRXwVGu.webp"
"623","SUPER MEGA Deluxe  Flower Pot","uploads/all/8jZjRKIv6lE7ICYxVo7QlA8Dz02IL5GWuYBzzWYJ.webp"
"624","4""inch Double Ball Hot & Cool","uploads/all/B5Vu7Fza3nvmct0NrK00t9usQMjsvKF6qdmn9zt1.webp"
"625","4""inch Double Ball Jim Jam","uploads/all/7uuhkNPhKBuQwIPl0xK0gVAWn2zsmpzkcx5Glntl.webp"
"626","4""inch Double Ball Chamma","uploads/all/ZxnYgFGgENCekEgDTlaMW3NQYQ0BoxGns11BB9px.webp"
"627","4""inch Double Ball Laffy","uploads/all/tV6Oa6cDf5bxgYobGIzDtMQAbPwx01Rkgir5H59y.webp"
"628","4""inch 7 Ball Game (Mother's)","uploads/all/1ykN3dzZiWBbJdoVSzQLV8AqSB7pfYyLVVhduJHn.webp"
"629","4""inch 7 Ball Shadjam  (Mother's)","uploads/all/uXLHsDkXm4QbDaTi3sADbN1DGQIz0Xbd9Nf9HN3b.webp"
"630","4""inch 7 Ball Paanchava  (Mother's)","uploads/all/DIdsCQ5esZaJRb8LTcDpxLDSEzWeFoeffx39Ftqx.webp"
"631","4""inch 7 Ball Dhaniya   (Mother's)","uploads/all/TfqWfQCoDRvCxEuz3zdKxS26xukwxlmanZcI0NFX.webp"
"632","4""inch 7 Ball Rishbam  (Mother's)","uploads/all/6TSYwwN12ix9f7yXdu4Vozb08l2ObbQi1CpZi1qJ.webp"
"633","4""inch 7 Ball Nishaadam   (Mother's)","uploads/all/9ZivHyECsmMpCNllRLoPFpvlJngATaN5Gja70EEz.webp"
"634","Drone Flying","uploads/all/VSMqlnN2BowwXOEm7jtNKGaulC9P6AWhahu3ZkmS.webp"
"635","Rotating Sparklers (Smokeless)","uploads/all/vSKdxjZXwuCOdmb02nX66YHS5HTh0mCcLSu7IoC3.webp"
"636","Emu Egg","uploads/all/r8iMUH0cwhjFavmJd8YwakgTq6k9e6xObGBy438T.webp"
"637","Wing Fountain","uploads/all/QzvMbeGStRqQD9OZ7tKli0DsuCnrL8Mz3ktdXKhi.webp"
"638","Roll Cap Box","uploads/all/KndR0SmqcyLUNQZximuQTwtkUMDhrRpuA2ZxqWgd.webp"
"639","Ring cap (5pkt)","uploads/all/CPQBsjYftbUfkCX6lM6f1eW7a3Qc5rRYpgXA8UuW.webp"
"640","Small Match Box(10 box)","uploads/all/JfR5UdKJTWPAvVZNMuCoZW46Z8gYeEy4zcfhbrmK.webp"
"641","Snake Cartoon","uploads/all/KhxJvHTsEsavemN1U3n66lzzzKoKIgA5IJHUeG0X.webp"
"642","3½ inch Blue Lagoon","uploads/all/wlrXFURFuranvonsHsO3FOKzaENPJdUQZd0dw5QM.webp"
"643","Smoke Stick Yellow","uploads/all/9oR341AMupy66nB77X5DcnbV6YOG9Gf5MHdQ6r9H.webp"
"644","Smoke Stick Blue","uploads/all/wWbGCvuAhnnu1lrCB6zSwmFDbKWSlKr0Aj4gxG5E.webp"
"645","Smoke Stick Green","uploads/all/ETYdHLupNIfdfYU9PD1643pmzgfJoOpZslJof6Zr.webp"
"646","Lollipop Stick Crackling","uploads/all/d7JC5r84jJDj8F6gr3N6w11FRYt5PvAYkvV3XsuP.webp"
"648","VIP Gold BIJILI (50 pcs)","uploads/all/jT4WOVQxxupNiCVosRh9kRMBOuAeGps6US1kGhR3.webp"
"649","30 Shot Multi-color + Helicopter (BUY 2 GET 1 FREE)","uploads/all/ZWutbc1lciMxbDPALOPa1Y0qQ98bZr5i5aOFdf6l.webp"
"650","60 Shot Multi-color + 12 shot Crackling (BUY 2 GET 1 FREE)","uploads/all/VQDfF0o9dV6C92iiSPb7z887KJULBSV4enrovYjg.webp"
"651","25 Shot Color Raider Crackling + Gold Bijli (BUY 2 GET 1 FREE)","uploads/all/phBiTZYF7i0GJw8RpNXUIVzldXsOd9m1JHuqDdy7.webp"
"652","12 Shot Raider Crackling + Smoke box ( BUY 2 GET 1 FREE)","uploads/all/T47JjFVqlbBlDheToMDEAAwbAiFW2rc2NwTDe2Rv.webp"
"653","Kurvi 1 bundle (25pkt)","uploads/all/nS4GtKR6rM2z944AUzfFrezvcQftDUjmtIZUFCw6.webp"
"654","3½ Lakshmi 1 bundle (15pkt)","uploads/all/2cna5l7E7UeR1pGKyOihPbMF4p5n3tlorSGunPru.webp"
"655","4"" Gold Lakshmi 1 Bundle ( 10pkt)","uploads/all/35pTL9np1krUOAYLNEKyg4kCrfexEL6GWsaI7e1M.webp"
"656","5"" Jallikatu 1 bundle ( 10 pkt)","uploads/all/kOM4NAd2fXlCO8qjasH5fPhOIBJuLlEfj91Wk4GR.webp"
"657","4""Lakshmi 1 Bundle ( 10pkt)","uploads/all/bhApSsBEdpCLVBqqhikdLjVtX0qGhkPnjHNrmvvm.webp"
"661","Popcorn Star 5 pc ( Starvel)","uploads/all/K48DlpdxXOaKMdiNwRwIgpVNJYJLE7VtYZURDL0h.webp"
"662","Water fall Star 5pc ( Starvel)","uploads/all/nG04hpiQz4JlyMhA8VIFaf4azxrDFpbldkyb07zO.webp"
"663","24 Deluxe","uploads/all/lYXQdacs4REIqaLWJ8M9d2c9geSv3bA3RlYYvw7Q.webp"
"664","Jelly Pops 5 pcs ( 5 different color fountain)","uploads/all/bPtqhtzagu6IFPTze3lkh1K9HtJCh5WQCAhJiyPw.png"
"665","6"" inch Apple Fruit Fountain","uploads/all/k74D3YovxBilXfaW2DKqDo5R2We26Evza0QD90BZ.png"
"666","6"" inch Pear Fruit Fountain","uploads/all/4zfkHgzRF1FwtP3bmuyCv1N53I32EZBneV2UzmXz.png"
"667","6"" inch Orange Fruit Fountain","uploads/all/5tZCrNEqQaNHEBfg6Ea9OZlOCuHIbGrpiKdbW1Lc.png"
"668","6"" inch Pineapple Fruit Fountain","uploads/all/tymEAPrmTM9OboaHmLhSrJMLyfRibVC17p7fIIcH.png"
"669","Ring Gun 1 pc","uploads/all/QpXMPm2SDWuBtmXo9sKKalJ5cGbYN28ABtSRnatw.jpg"
"670","5 in One Fountain","uploads/all/qcmOM2tbSglh9Olub7h8wrNxfGILWGynAq0aX8yh.webp"
"671","Fun Zone Candle","uploads/all/NLrkOv1MZB8eatYBf0eGAf7SMqQ6VjO0Za2ZiDgB.webp"
"672","Tin Ton Candle","uploads/all/vnNrNb7BrVKuz19ZaTVnYN19QA6KiIqj4jrDvSx6.webp"
"673","Star Magic Candle","uploads/all/IZ3GULsS0MvGLqWiO9Ao1Lm0h8pWG8xraSbSzDZW.webp"
"674","Moon Lighting Candle","uploads/all/FhB0iasLxRkTJAQI3Hr4qOsIJIcnPpr8BKyuNuPF.webp"
"675","Crackling Salsa Big Fountain","uploads/all/sxykgAAjZtneSzFKBZav4VihnFx53x8JxyC9EAKg.webp"
"676","Diet Coke Fountain","uploads/all/JjWb2TZeURPIcxfvoSpMeylge59EhaAYaQjIcuvk.webp"
"677","4"" inch Pipe Pink Red ( Rathan's Brand)","uploads/all/4PsjDdh9zraQyDCTNsm21u5GMMDNrfgyjagU7Q7j.jpg"
"678","4"" inch Pipe  ( Rathan's Brand)","uploads/all/d9K3hUzItqQkXqBfjddWkxGG5J53sBg7Z7cYpGRI.jpg"
"679","terrificnuttyemera69",NULL
"680","384vacantlyexotic",NULL
"685","22 Items Gift Box Crackers (Economic)","uploads/all/lRd7yjMyAFLojw7R53136accK6P52MAO3AwnIGpJ.webp"
"686","32 Items Gift Box Crackers (Economic)","uploads/all/15zRCUhDTLQZjMNGeSlA6eYLM7pJh9rkHXks3wPk.webp"
"687","42 Items Gift Box Crackers (Economic)","uploads/all/pc2vE2l4D5TrikKcWozvF1ZQQSOtNq0kLYVrstbJ.webp"
"688","22 Items Gift Box Crackers (Premium)","uploads/all/d7OTNlCuWAbzXp2I5lsnRomkJhqp6q1caFYrYBcq.webp"
"689","32 Items Gift Box Crackers (Premium)","uploads/all/xtOXfMy7YW4K0iYZnYmwtYZciqibLL2XWC62tlTH.webp"
"690","42 Items Gift Box Crackers (Premium)","uploads/all/v3h70IQMXosmOAv9gN3iG2nivcM3PCplkt6v8yfC.webp"
"691","55 Items Gift Box Crackers (Luxury)","uploads/all/ObZNqu6YkzkuB6IlDlmHHgIBSfrU0ymfh6PZ3Qeu.webp"
